source,source_id,url,published,company,title,seniority_tier,location,text_sha256,communication,collaboration,stakeholder_alignment,mentoring,leadership_influence,feedback_review,learning_adaptability,conflict_negotiation,empathy_listening,any_socioemotional,two_or_more,competency_count,core_competency_count
The Muse,21928392,https://www.themuse.com/jobs/spacex/sr-application-software-engineer-13aa73,2026-07-16,SpaceX,Sr. Application Software Engineer,Senior,"Brownsville, TX; Rockledge, FL",3254d2c531489980c7de79b67b720c633614654ad48b82b71ecfc2080a6c1886,0,1,0,0,0,1,0,0,0,1,0,2,1
The Muse,20609838,https://www.themuse.com/jobs/riotgames/staff-software-engineer-console-unpublished-rd-product,2026-07-16,Riot Games,"Staff Software Engineer, Console - Unpublished R&D Product",Staff/Principal,"Los Angeles, CA",472fcee703b740178887c26f1231885bcaaf3abbccdd6885c96de8ee3865743e,1,1,0,1,0,1,0,0,0,1,1,4,3
The Muse,21484372,https://www.themuse.com/jobs/riotgames/senior-software-engineer-aiml-tools-unpublished-rd-product,2026-07-16,Riot Games,"Senior Software Engineer, AI/ML Tools - Unpublished R&D Product",Senior,"Los Angeles, CA",03850b0f01c5da8ff329762d7218ce283baef4d953aa6d4d4e54eb0d3c50cf64,1,1,1,0,0,0,0,0,0,1,1,3,3
Arbeitnow,software-engineer-wien-hamburg-frankfurt-451553,https://www.arbeitnow.com/jobs/companies/everii-group-gmbh/software-engineer-wien-hamburg-frankfurt-451553,2026-07-16,everii Group GmbH,Senior Software Engineer (w/m/d) - Wien | Hamburg | Frankfurt,Senior,Hamburg,83388102c380cb14992659b938386124d7061fa52defe32a3715643d32d83a0c,0,1,0,0,0,1,1,0,0,1,1,3,2
Arbeitnow,senior-full-stack-developerin-furth-107822,https://www.arbeitnow.com/jobs/companies/neobird-digital/senior-full-stack-developerin-furth-107822,2026-07-16,NeoBird Digital,Senior Full Stack Developer*in (m/w/d),Senior,Fürth,0171971504a23c007859ff27ef038f09e1730fe15626f02cd53374b7a1267b6e,0,0,0,0,0,0,0,0,0,0,0,0,0
The Muse,21956008,https://www.themuse.com/jobs/thecocacolacompany/senior-software-engineer-crm-801f98,2026-07-15,The Coca-Cola Company,Senior Software Engineer - CRM,Senior,"Atlanta, GA",9ae5b107a1909f0f11bf91d8d89c159ef9e0a76c4503f7c40caf2348c707be0e,0,1,1,0,1,0,1,0,0,1,1,4,4
Arbeitnow,senior-web-developer-ki-entwickler-100-remote-garrel-180591,https://www.arbeitnow.com/jobs/companies/craftevo-ug-haftungsbeschrankt/senior-web-developer-ki-entwickler-100-remote-garrel-180591,2026-07-15,Craftevo UG (haftungsbeschränkt),Senior Web Developer (m/w/d) / KI-Entwickler 100% Remote,Senior,Garrel,c9d27500c123ea1db14a1cded24339f3cc6c0cd4eb567acf584a37738ab0a2d8,0,0,0,0,0,0,0,0,0,0,0,0,0
The Muse,21784571,https://www.themuse.com/jobs/apple/sr-software-engineer-information-systems-technology-2bdf41,2026-07-15,Apple,"Sr. Software Engineer, Information Systems & Technology",Senior,"Cupertino, CA",4bd96ea42b91823cd73ff31b5edf0cd5f4b5ce9347a0f4ed0358fc5a495f2624,0,1,0,1,0,0,0,0,0,1,1,2,2
The Muse,21750932,https://www.themuse.com/jobs/apple/senior-software-engineer-observability-solutions-enterprise-technology-services-6f1636,2026-07-15,Apple,Senior Software Engineer (Observability Solutions) - Enterprise Technology Services,Senior,"Sunnyvale, CA",0d2c8d6126b4dc1e58cc92263f60adb0774f9d8993251e56fb728c5a11e43103,0,1,0,1,1,1,0,0,0,1,1,4,3
The Muse,21903589,https://www.themuse.com/jobs/apple/sr-arvr-realtime-rendering-and-graphics-software-engineer-realitykit-vision-products-software,2026-07-15,Apple,"Sr. AR/VR Realtime Rendering and Graphics Software Engineer - RealityKit, Vision Products Software",Senior,"Sunnyvale, CA",54a985e146d1de78d1f688eeb8e2f310846e012b31b788d86aede95091682359,0,1,0,1,1,1,0,0,0,1,1,4,3
The Muse,21948942,https://www.themuse.com/jobs/celonis/senior-full-stack-engineer-task-mining,2026-07-15,Celonis,Senior Full Stack Engineer - Task Mining,Senior,"Munich, Germany",3b53d9e72fa337199a0a04fc455874630ed4ec18384e32ee61d7b024fe67b4e1,0,0,0,1,1,1,0,0,0,1,1,3,2
The Muse,21948909,https://www.themuse.com/jobs/exadel/senior-fullstack-software-engineer-java-axiom-sl,2026-07-15,Exadel,"Senior Full-Stack Software Engineer (Java, Axiom SL)",Senior,"Barra do Garças, Brazil",46356365998b7871c094e88b0fb1ca2d28ac7a3a8df69a6ab1bd6615c6b67a7a,0,1,0,1,0,0,0,0,0,1,1,2,2
The Muse,21831070,https://www.themuse.com/jobs/spacex/sr-software-engineer-low-latency-computing-starlink-d59cdf,2026-07-15,SpaceX,"Sr. Software Engineer, Low Latency Computing (Starlink)   ",Senior,"Palo Alto, CA; Redmond, WA",ffc93d4d1087625c91b9950872ab500b462275be4476c0d5a7319c179babd79e,1,0,0,0,1,1,0,0,0,1,1,3,2
The Muse,21831075,https://www.themuse.com/jobs/spacex/sr-software-engineer-high-performance-computing-starlink-ddaf46,2026-07-15,SpaceX,"Sr. Software Engineer, High Performance Computing (Starlink)   ",Senior,"Palo Alto, CA; Redmond, WA",39b450f975db7c7ef543c923a17ab545e80d04a05ac80648c18eebc03773460a,1,0,0,0,1,1,0,0,0,1,1,3,2
The Muse,21831074,https://www.themuse.com/jobs/spacex/sr-software-engineer-beam-planning-starlink-12e951,2026-07-15,SpaceX,"Sr. Software Engineer, Beam Planning (Starlink)   ",Senior,"Palo Alto, CA; Redmond, WA",3b01a177a8b3d70ce179caf9b6235b264b515f4f053db9c68d990404f9e0f6b8,1,0,0,0,1,1,0,0,0,1,1,3,2
The Muse,21576525,https://www.themuse.com/jobs/spacex/sr-full-stack-software-engineer-starlink-d4b907,2026-07-15,SpaceX,Sr. Full Stack Software Engineer (Starlink),Senior,"Palo Alto, CA",c59bca72b42f0f5caf46b829443fe1b7afbd21b3503658d4a896531e595fe3b3,0,1,0,0,0,1,0,0,0,1,0,2,1
The Muse,21755081,https://www.themuse.com/jobs/spacex/principal-software-engineer-cdn-starlink,2026-07-15,SpaceX,"Principal Software Engineer, CDN  (Starlink)",Staff/Principal,"Palo Alto, CA",f50f191ca134023d1088d60ed22e690d8d324c086396cb741711bdac96857d24,1,0,0,0,1,1,0,0,0,1,1,3,2
The Muse,19386643,https://www.themuse.com/jobs/riotgames/principal-software-engineer-client-wild-rift,2026-07-15,Riot Games,"Principal Software Engineer, Client - Wild Rift",Staff/Principal,"Shanghai, China",d202a51688ad11cd3260709e5f5381ed0981eac8b21ea7e3b01d333ff9e42c69,0,1,0,0,1,1,0,0,0,1,1,3,2
Arbeitnow,mid-senior-full-stack-developer-deutsch-level-c1-kiel-339715,https://www.arbeitnow.com/jobs/companies/buchner-partner-gmbh/mid-senior-full-stack-developer-deutsch-level-c1-kiel-339715,2026-07-15,Buchner & Partner GmbH,Mid/Senior Full-Stack-Developer (w/m/d) Deutsch Level C1,Senior,Kiel,393480c5e546ca4c11a2bec3bc86942e00ca4de2eca24a011f12e47aacf0fd16,0,0,0,0,0,0,0,0,0,0,0,0,0
Arbeitnow,senior-backend-engineer-all-genders-golang-berlin-211662,https://www.arbeitnow.com/jobs/companies/urban-sports-club/senior-backend-engineer-all-genders-golang-berlin-211662,2026-07-15,Urban Sports Club,Senior Backend Engineer (all genders) - Golang,Senior,"Berlin, Germany",3d6d5d23ad17220ee0e2335e5fcb70dedf82680bb64e35445771292ae6b53c45,1,1,1,1,0,0,1,0,0,1,1,5,5
Arbeitnow,softwareentwicklerin-senior-munich-449458,https://www.arbeitnow.com/jobs/companies/doppelernte-gmbh/softwareentwicklerin-senior-munich-449458,2026-07-15,DoppelErnte GmbH,Softwareentwickler:in Senior,Senior,Munich,688e07f251fb1fe4510796cd708dd25ff1d6d87a5ee637560a24c4272daa4b93,0,1,0,0,1,0,0,0,0,1,1,2,2
Arbeitnow,senior-softwareentwickler-75000-eur-95000-eur-jahresgehalt-zwickau-34673,https://www.arbeitnow.com/jobs/companies/ines-scholz-steuerberatungsgesellschaft/senior-softwareentwickler-75000-eur-95000-eur-jahresgehalt-zwickau-34673,2026-07-15,Ines Scholz Steuerberatungsgesellschaft,(Senior) Softwareentwickler (m/w/d) | 75.000 € - 95.000 € Jahresgehalt,Senior,Zwickau,c4d9ad65381fd907f4f00bf67a442a212d27a498108698e041bbf760e7804c10,0,1,0,0,1,0,0,0,0,1,1,2,2
Arbeitnow,senior-frontend-entwickler-75000-eur-95000-eur-jahresgehalt-zwickau-8305,https://www.arbeitnow.com/jobs/companies/ines-scholz-steuerberatungsgesellschaft/senior-frontend-entwickler-75000-eur-95000-eur-jahresgehalt-zwickau-8305,2026-07-15,Ines Scholz Steuerberatungsgesellschaft,(Senior) Frontend Entwickler (m/w/d) | 75.000 € - 95.000 € Jahresgehalt,Senior,Zwickau,392cdf4b8b744aaaa023a6330e4d4be00f411ad3923dc9bb1bac725d92f23e99,0,1,0,0,1,0,0,0,0,1,1,2,2
Arbeitnow,senior-software-developer-dortmund-remote-69872,https://www.arbeitnow.com/jobs/companies/jobportal/senior-software-developer-dortmund-remote-69872,2026-07-15,Jobportal,Senior Software Developer (m/w/d) · Dortmund & Remote,Senior,Dortmund,69cfc81ab130f57b4bade5b50b5df51035952c61a51d9f096aedf6b810fec6db,0,0,0,0,0,0,0,0,0,0,0,0,0
The Muse,21132704,https://www.themuse.com/jobs/uber/sr-software-engineer-frontend-web-8fc2b7,2026-07-15,Uber,"Sr Software Engineer, Frontend (Web)",Senior,"Rio de Janeiro, Brazil; São Paulo, Brazil",0c0c455aad150df3a33087f9201e87e36bbfabe63c9214c4a00d488a59f07cd4,1,1,0,1,1,0,0,0,0,1,1,4,4
Remotive,2069746,https://remotive.com/remote-jobs/software-development/tech-lead-full-stack-rails-engineer-2069746,2026-07-14,Mitre Media,Tech Lead Full-Stack Rails Engineer,Lead,"USA, Canada, USA timezones",16bd1eb327ffec6a183df335547ffe5af74c01fd679c920305357ceba16491cb,0,1,0,0,0,0,0,0,0,1,0,1,1
Himalayas,https://himalayas.app/companies/defuse-labs/jobs/senior-software-engineer-solvers,https://himalayas.app/companies/defuse-labs/jobs/senior-software-engineer-solvers,2026-07-14,Defuse Labs,Senior Software Engineer (Solvers),Senior,Remote,66bb034bf2b678ae71e91d9d4233d2d7cfa48718c1a7d2e5c1f045f8bb690da4,0,1,0,0,1,0,0,0,0,1,1,2,2
Arbeitnow,senior-full-stack-engineer-python-berlin-464084,https://www.arbeitnow.com/jobs/companies/flix/senior-full-stack-engineer-python-berlin-464084,2026-07-14,Flix,Senior Full Stack Engineer- Python (m/f/d),Senior,"Berlin, Berlin, Germany",330e545104c17bcc98e7a46461cfb62dd6f4cc8533d7089f12570e541cd43a47,0,0,0,1,1,0,0,0,0,1,1,2,2
Himalayas,https://himalayas.app/companies/coupa-software-inc/jobs/lead-software-engineer-11492,https://himalayas.app/companies/coupa-software-inc/jobs/lead-software-engineer-11492,2026-07-14,"Coupa Software, Inc.",Lead Software Engineer - 11492,Lead,Mexico,7c685668a10d1497caf24c3389398a36669b711bfba6318b31dddd7bf2575ea5,1,1,0,0,0,1,0,0,0,1,1,3,2
Arbeitnow,senior-software-engineer-windows-desktop-applications-munich-germany-484546,https://www.arbeitnow.com/jobs/companies/speechify/senior-software-engineer-windows-desktop-applications-munich-germany-484546,2026-07-14,Speechify,"Senior Software Engineer, Windows/Desktop Applications - Munich, Germany",Senior,"Munich, Bavaria, Germany",041605cdf067be0524f294549b6c869fd2ddcab734918163b6749b969864da34,1,1,0,1,1,1,0,0,0,1,1,5,4
Arbeitnow,senior-software-engineer-windows-desktop-applications-dusseldorf-germany-dusseldorf-164606,https://www.arbeitnow.com/jobs/companies/speechify/senior-software-engineer-windows-desktop-applications-dusseldorf-germany-dusseldorf-164606,2026-07-14,Speechify,"Senior Software Engineer, Windows/Desktop Applications - Düsseldorf, Germany",Senior,"Dusseldorf, North Rhine-Westphalia, Germany",ce749f78219c5734be94c0c6ee514cb0b75a2abb49fa2165001e38b10ddbfb1f,1,1,0,1,1,1,0,0,0,1,1,5,4
Arbeitnow,senior-software-engineer-core-experiences-munich-germany-193604,https://www.arbeitnow.com/jobs/companies/speechify/senior-software-engineer-core-experiences-munich-germany-193604,2026-07-14,Speechify,"Senior Software Engineer, Core Experiences - Munich, Germany",Senior,"Munich, Bavaria, Germany",01aa6f06d514f722bf081d85313650fbd6144a3e56de07b90455c72550543edd,0,1,0,0,0,0,0,1,0,1,1,2,2
Arbeitnow,senior-software-engineer-net-munich-86775,https://www.arbeitnow.com/jobs/companies/apaleo/senior-software-engineer-net-munich-86775,2026-07-13,Apaleo,Senior Software Engineer (.NET) (f/m/d),Senior,"Munich, Bavaria, Germany",350b4f62c282c45c43480e9b6507e402f95ab35a2a7dfc15d53ccc6a50750d05,0,0,0,0,0,0,1,0,0,1,0,1,1
The Muse,21769708,https://www.themuse.com/jobs/flexport/senior-software-engineer-platform,2026-07-13,Flexport,Senior Software Engineer: Platform,Senior,"Amsterdam, Netherlands",93db4a2faeeb09d86a2eb1e0578a2693a4479d5037577147dc57fc933ba1412d,0,0,0,0,0,0,0,0,0,0,0,0,0
Himalayas,https://himalayas.app/companies/aera-technology/jobs/senior-software-engineer-calc-engine-copy,https://himalayas.app/companies/aera-technology/jobs/senior-software-engineer-calc-engine-copy,2026-07-13,Aera Technology,Senior Software Engineer (CALC engine) (copy),Senior,United States,a48a21afa88b34995703dc17b4ca14df9f2721e7b7108de31c2fc425f347afb1,1,1,0,0,0,0,0,0,0,1,1,2,2
Remote OK,1134928,https://remoteOK.com/remote-jobs/remote-software-developmentfrontend-developer-defdone-1134928,2026-07-13,defdone,"Software development
Frontend Developer",Senior,"PoznaÅ, ",55b58ff51703b93a106f6f9c9f549faa04f2e26a1938f8bdd776da38b3efb4a3,0,0,0,0,0,0,0,0,0,0,0,0,0
Arbeitnow,senior-fullstack-engineer-munchen-munich-229505,https://www.arbeitnow.com/jobs/companies/towa-the-digital-growth-company/senior-fullstack-engineer-munchen-munich-229505,2026-07-13,TOWA - the digital growth company,"Senior Fullstack Engineer (m/w/d), München",Senior,Munich,7dc253cb10922253098aedf59e2f0bd493ab309055dca64a123c2ee53519d45b,0,1,0,0,0,0,1,0,0,1,1,2,2
Arbeitnow,senior-fullstack-engineer-dusseldorf-6008,https://www.arbeitnow.com/jobs/companies/towa-the-digital-growth-company/senior-fullstack-engineer-dusseldorf-6008,2026-07-13,TOWA - the digital growth company,"Senior Fullstack Engineer (m/w/d), Düsseldorf",Senior,Düsseldorf,e8eb92843b851af3e230e1fe52212fe3fa7e24b46a4aae3da6ad84c409da0276,0,1,0,0,0,0,1,0,0,1,1,2,2
Remotive,2091062,https://remotive.com/remote-jobs/software-development/senior-product-engineer-fullstack-2091062,2026-07-13,Clipster,Senior Product Engineer (Fullstack),Senior,"Europe, UK, Germany, France, European timezones",75bb2cce31d1e454a2cab35836f503a8b37c326a2020ec2ea78f0f74dd0f8ce6,0,0,0,0,0,0,0,0,0,0,0,0,0
Arbeitnow,senior-software-developer-nuremberg-102598,https://www.arbeitnow.com/jobs/companies/isento-gmbh/senior-software-developer-nuremberg-102598,2026-07-13,isento GmbH,Senior Software Developer (m/w/d),Senior,Nuremberg,92e8a4e4cb4d620c15a9ab46d04119ecac9bc32e7b5a45ec183a95030f3ce382,0,1,1,0,0,1,1,0,0,1,1,4,3
Jobicy,145788,https://jobicy.com/jobs/145788-staff-software-engineer-full-remote-or-hybrid-m-f-d,2026-07-12,Voyage Privé,Staff Software Engineer - Full Remote or Hybrid (m/f/d),Staff/Principal,France,62e86e0f1bc352836b5aa889b08694b419f4b0804b35c47cad378bf2a3e5359d,0,1,0,1,1,0,0,0,0,1,1,3,3
Jobicy,145861,https://jobicy.com/jobs/145861-senior-full-stack-engineer-5,2026-07-12,infisical,Senior Full Stack Engineer,Senior,"Brazil,  Canada,  France,  UK,  USA",716cc35f72f29bb853cfe9c25d27ab22d5c31bbf3f59b1ef55d2970e847f5c62,1,1,0,0,1,0,0,0,0,1,1,3,3
Jobicy,146058,https://jobicy.com/jobs/146058-senior-software-engineer-game-engine,2026-07-12,Playson,Senior Software Engineer (Game Engine),Senior,Europe,5c365fb806d410c0c36ae1934d162821d58ce4518a9d542c071e5194f4fc6cd4,0,1,0,0,1,1,0,0,0,1,1,3,2
The Muse,21942781,https://www.themuse.com/jobs/bankofamerica/senior-software-engineer-kubernetes-platform-engineering-service-mesh-developer-platforms-golang-apis,2026-07-11,Bank of America,"Senior Software Engineer - Kubernetes Platform Engineering, Service Mesh & Developer Platforms (Golang APIs)",Senior,"Chandler, AZ; Charlotte, NC; Jersey City, NJ",de88f9223682e7cb502cee101bea2e381620dd0fdcd7eae5bcdeec6941279294,1,0,1,1,1,0,1,0,0,1,1,5,5
Himalayas,https://himalayas.app/companies/two-six-technologies/jobs/senior-software-engineer,https://himalayas.app/companies/two-six-technologies/jobs/senior-software-engineer,2026-07-11,Two Six Technologies,Senior Software Engineer,Senior,United States,6452526bd060f30e18feafb727497e2436ac0e9bd6b05c31eb128176519cf186,0,1,0,1,0,0,1,0,0,1,1,3,3
Himalayas,https://himalayas.app/companies/smartasset/jobs/senior-software-engineer,https://himalayas.app/companies/smartasset/jobs/senior-software-engineer,2026-07-11,SmartAsset,Senior Software Engineer,Senior,United States,fe609e083f89bb44802454a0c6c205672edaed19f731eac665fbfc7e5365dfff,1,1,0,1,0,0,1,0,0,1,1,4,4
The Muse,21416958,https://www.themuse.com/jobs/uber/sr-software-engineer-backend-dce0f7,2026-07-11,Uber,Sr Software Engineer - Backend,Senior,"São Paulo, Brazil",7524ca78075a1855968640b41dd1ec8baf7701af233e4700cf132a9fad0aa6bb,1,1,0,1,0,1,0,0,0,1,1,4,3
The Muse,21941087,https://www.themuse.com/jobs/spacex/sr-software-engineer-components,2026-07-10,SpaceX,Sr. Software Engineer (Components),Senior,"El Segundo, CA",a1d2f97f1c10515e1c5e6fed7545995bdd2bc26599c9132f71c395d408c19748,0,1,0,0,0,0,0,0,0,1,0,1,1
The Muse,21941091,https://www.themuse.com/jobs/spacex/sr-full-stack-software-engineer-components,2026-07-10,SpaceX,Sr. Full Stack Software Engineer (Components),Senior,"El Segundo, CA",bcb6d5ff6aaf00e5cb14b3f2a207579ffbe3501604883cc11ed1dfbd12a6b96f,1,0,0,0,0,1,0,0,0,1,0,2,1
The Muse,21940094,https://www.themuse.com/jobs/capitalone/senior-lead-software-engineer-full-stack-ee6390,2026-07-10,Capital One,"Senior Lead Software Engineer, Full Stack",Lead,"Chicago, IL",14a73b4583c346a4de6b52a9fd5151e64f3275248038f6ec2a883a795c6d02a4,0,1,0,1,0,0,0,0,0,1,1,2,2
The Muse,21889510,https://www.themuse.com/jobs/renttherunway/senior-software-engineer-6847f3,2026-07-10,Rent the Runway,Senior Software Engineer,Senior,"Galway, Ireland",142d11bde2142e1c55921078e2207f22bb8212da1fa4451700f06a50991dcb30,1,0,0,0,1,0,1,0,0,1,1,3,3
The Muse,21840821,https://www.themuse.com/jobs/flexport/senior-software-engineer-customs-d2efa6,2026-07-10,Flexport,"Senior Software Engineer, Customs",Senior,"Amsterdam, Netherlands",1e6832d5b62166ad869fff519fb7d683421321c61dd6a393c6802995e3de3261,0,1,0,0,0,0,0,0,0,1,0,1,1
The Muse,21927578,https://www.themuse.com/jobs/riotgames/principal-software-engineer-gameplay-teamfight-tactics-e865a9,2026-07-10,Riot Games,"Principal Software Engineer, Gameplay - Teamfight Tactics",Staff/Principal,"Los Angeles, CA",370e6c4db00536f5d806e3fd493b0b6012595c28c35b5fb291f8121be5e2abdd,1,1,0,1,1,0,0,0,0,1,1,4,4
Arbeitnow,senior-full-stack-java-entwickler-munich-242949,https://www.arbeitnow.com/jobs/companies/my-humancapital-gmbh/senior-full-stack-java-entwickler-munich-242949,2026-07-10,MY Humancapital GmbH,(Senior) Full Stack Java Entwickler (m/w/d),Senior,Munich,d75f55a1efdc8f92dafbcd88ccbdb13d405e9da842a5eb7071d67717502a0d94,0,0,0,0,0,0,0,0,0,0,0,0,0
Arbeitnow,senior-fullstack-developer-munich-404351,https://www.arbeitnow.com/jobs/companies/envidual/senior-fullstack-developer-munich-404351,2026-07-10,Envidual,Senior Fullstack Developer (m/w/d),Senior,Munich,d8500ce17c7d72a9efd99bf766ee0d6fbd0bcfb4a54602b605a45c7b4c464d64,0,1,0,0,0,1,1,0,0,1,1,3,2
Arbeitnow,senior-software-engineer-perception-autonomous-systems-berlin-426413,https://www.arbeitnow.com/jobs/companies/motor-ai/senior-software-engineer-perception-autonomous-systems-berlin-426413,2026-07-10,MOTOR Ai,Senior Software Engineer (m/f/d) Perception & Autonomous Systems,Senior,Berlin,ed5fa28f204fe05ddc062d1b89fde8d33e57a8505b7d0307258e74cf9451ad8d,0,0,0,0,0,0,0,0,0,0,0,0,0
Arbeitnow,senior-software-engineer-enterprise-ai-java-angular-karlsruhe-463945,https://www.arbeitnow.com/jobs/companies/squareneo/senior-software-engineer-enterprise-ai-java-angular-karlsruhe-463945,2026-07-10,SquareNeo,Senior Software Engineer - Enterprise AI - Java / Angular (m/w/d),Senior,Karlsruhe,c7c997f2352cd756a916cdd186d24a3c07ad8258e2f7badba1e86ed8faa7fb4b,0,0,0,0,0,0,0,0,0,0,0,0,0
Arbeitnow,senior-full-stack-engineer-backend-focus-berlin-90834,https://www.arbeitnow.com/jobs/companies/evalion-gmbh/senior-full-stack-engineer-backend-focus-berlin-90834,2026-07-10,Evalion GmbH,Senior Full-Stack Engineer (Backend Focus) (m/w/d),Senior,Berlin,681eb2500df999b8c07b37b8b8da4bbfe0e985d77fb37a20cc1f6b0e208f4db6,0,0,0,0,0,0,0,0,0,0,0,0,0
Arbeitnow,senior-software-engineer-device-connectivity-go-berlin-308082,https://www.arbeitnow.com/jobs/companies/1komma50/senior-software-engineer-device-connectivity-go-berlin-308082,2026-07-10,1KOMMA5˚,(Senior) Software Engineer - Device Connectivity (Go) (m/f/d),Senior,Berlin,18a56654f59b3d88734cd1e2ed75ec2da77a547d3d2c5f13def1cd73fc82b287,0,1,0,0,1,0,0,0,0,1,1,2,2
Arbeitnow,senior-software-developer-hamburg-442269,https://www.arbeitnow.com/jobs/companies/andcompany-gmbh/senior-software-developer-hamburg-442269,2026-07-10,AndCompany GmbH,Senior Software Developer (m/w/d),Senior,Hamburg,69d8aebed40b91265350b5632d4381e9ed13f7d8e20b15adfe7bfb05542ff25f,1,0,0,0,0,1,0,0,0,1,0,2,1
The Muse,20120085,https://www.themuse.com/jobs/uber/sr-staff-software-engineer-0dcef6,2026-07-10,Uber,Sr Staff Software Engineer,Staff/Principal,"Hyderabad, India",c20ce111ebb1faa374885a86bcc2058fd2446c2b1fe275ada38264f503daf31f,0,1,0,0,1,0,0,0,0,1,1,2,2
The Muse,21769709,https://www.themuse.com/jobs/flexport/staff-software-engineer-platform,2026-07-09,Flexport,Staff Software Engineer: Platform,Staff/Principal,"Amsterdam, Netherlands",32fc9aee07974b132143ba556ea3415f1a43f21f778cafd4712d4ad024ab9910,0,0,0,0,0,0,0,0,0,0,0,0,0
The Muse,20854778,https://www.themuse.com/jobs/flexport/senior-software-engineer-data-infrastructure-44cabc,2026-07-09,Flexport,Senior Software Engineer: Data Infrastructure,Senior,"Amsterdam, Netherlands",3bf6911d19e591e72bd15d409661004586b17ecbac12e3198e1f0d98d8bbbbcd,1,1,0,1,0,0,0,0,1,1,1,4,4
The Muse,20791616,https://www.themuse.com/jobs/flexport/senior-software-engineer-applied-ai,2026-07-09,Flexport,Senior Software Engineer: Applied AI,Senior,"Amsterdam, Netherlands",7e4de5bf4e45fd11938d1602256cb08725f117063a5de9167f89a05824f18bd1,0,0,0,0,0,0,0,0,0,0,0,0,0
The Muse,21811257,https://www.themuse.com/jobs/flexport/senior-software-engineer-autonomous-freight-systems,2026-07-09,Flexport,"Senior Software Engineer, Autonomous Freight Systems",Senior,"San Francisco, CA",776108b124b1f34ba25f49bf9a74b373b13089d059c883fdefab03593ca3e3e0,1,1,0,0,1,1,0,0,0,1,1,4,3
Himalayas,https://himalayas.app/companies/pindrop/jobs/senior-software-engineer-pulse,https://himalayas.app/companies/pindrop/jobs/senior-software-engineer-pulse,2026-07-09,Pindrop,Senior Software Engineer - Pulse,Senior,United States,6c27a8e9d5de1b8c07a1e7d86a423c3ba7b24589b4d0de964e252adb24f0c356,1,0,0,0,1,0,1,0,0,1,1,3,3
The Muse,21743809,https://www.themuse.com/jobs/exadel/senior-software-engineer-python-ai-ca21d9,2026-07-09,Exadel,"Senior Software Engineer (Python, AI)",Senior,"Dublin, GA; Făgăraș, Romania; Kazanlak, Bulgaria; Kėdainiai, Lithuania; Nurota, Uzbekistan; Ozorków, Poland",70807c657f5a911439b4ba449b8031dbf14353492950b58d75a89a31e4872073,1,1,0,0,1,1,0,0,0,1,1,4,3
The Muse,21772206,https://www.themuse.com/jobs/exadel/senior-fullstack-software-engineer-java-python-nodejs-react,2026-07-09,Exadel,"Senior Full‑Stack Software Engineer (Java, Python, Node.js, React)",Senior,"Ozorków, Poland",336d2a2dde49995e16272ee189c3185ac4e3a2408ce9626c285325f09d5012c1,0,1,0,0,1,1,0,0,0,1,1,3,2
The Muse,21932930,https://www.themuse.com/jobs/spacex/sr-security-software-engineer-starlink-6bd5c7,2026-07-09,SpaceX,Sr. Security Software Engineer (Starlink) ,Senior,"Lockhart, TX",c1b0ae9eb3d84b2a1d22c6d9bdf40050f07ec74947f135be4a0633fb10b63e85,1,0,0,0,0,0,0,0,0,1,0,1,1
Remotive,2091056,https://remotive.com/remote-jobs/software-development/staff-software-engineer-product-belo-horizonte-2091056,2026-07-09,LawnStarter,"Staff Software Engineer, Product (Belo Horizonte)",Staff/Principal,Brazil,41e3a247565d3ff3fd858f91922ca880742a2e414cc05fff97ecc67ebf302617,0,0,0,0,1,0,0,0,0,1,0,1,1
Remotive,2091058,https://remotive.com/remote-jobs/software-development/staff-software-engineer-product-montevideo-2091058,2026-07-09,LawnStarter,"Staff Software Engineer, Product (Montevideo)",Staff/Principal,Uruguay,3b7af9e9f4eb9401e46931221b077e60751b111eeeb7974bac3e2db54e8e9bb5,0,0,0,0,1,0,0,0,0,1,0,1,1
Remotive,2091055,https://remotive.com/remote-jobs/software-development/staff-software-engineer-product-sao-paulo-2091055,2026-07-09,LawnStarter,"Staff Software Engineer, Product (São Paulo)",Staff/Principal,Brazil,ff74c18c748aea4f501f8facde1b1ba364807085c57d80095f4346f141f55a3d,0,0,0,0,1,0,0,0,0,1,0,1,1
Remotive,2091050,https://remotive.com/remote-jobs/software-development/staff-software-engineer-product-mexico-city-2091050,2026-07-09,LawnStarter,"Staff Software Engineer, Product (Mexico City)",Staff/Principal,Mexico,f6762dec35d1d06b8c095d9f2199e922282122f517500ee464a5c467fcd83f0a,0,0,0,0,1,0,0,0,0,1,0,1,1
Remotive,2091049,https://remotive.com/remote-jobs/software-development/staff-software-engineer-product-campinas-2091049,2026-07-09,LawnStarter,"Staff Software Engineer, Product (Campinas)",Staff/Principal,Brazil,b3a4d86505b9d75e6b04b44d9c45e182974d49f4f7d59ee273a2f3115d3270c1,0,0,0,0,1,0,0,0,0,1,0,1,1
Remotive,2091059,https://remotive.com/remote-jobs/software-development/staff-software-engineer-product-florianopolis-2091059,2026-07-09,LawnStarter,"Staff Software Engineer, Product (Florianópolis)",Staff/Principal,Brazil,987d3c14ca2d5939a5e0584ec98ed19c953b2b4e60f4001ee7bcc3f880fc1d21,0,0,0,0,1,0,0,0,0,1,0,1,1
Jobicy,149055,https://jobicy.com/jobs/149055-lead-ios-engineer,2026-07-09,Ruby Labs,Lead IOS Engineer,Lead,Europe,8c2d4ff929527f156f0e4a9ca64edad120f4f93444b2caa60c40e71eff5921cd,0,1,1,0,1,0,0,0,0,1,1,3,3
Jobicy,149054,https://jobicy.com/jobs/149054-lead-android-developer,2026-07-09,Ruby Labs,Lead Android Developer,Lead,Europe,c35040260a1e8da8989fb72f6b912f7d86431d25619dafcaaad37f9a954b8856,0,1,1,0,1,0,0,0,0,1,1,3,3
Jobicy,149053,https://jobicy.com/jobs/149053-senior-android-engineer,2026-07-09,Ruby Labs,Senior Android Engineer,Senior,Europe,fb22c4699f7cd52122e2cf91f94d8c5f7230e27159090ed5d5b867a9eada0bb9,0,1,0,0,1,1,1,0,0,1,1,4,3
The Muse,21893849,https://www.themuse.com/jobs/uber/staff-ios-engineer-core-services-eng,2026-07-09,Uber,"Staff iOS Engineer, Core Services Eng",Staff/Principal,"San Francisco, CA; Sunnyvale, CA",5da95e28d13daa79eb988c81962b87d5be328401c2d14e47eef16a9507727473,0,1,0,1,1,0,0,0,0,1,1,3,3
The Muse,21304310,https://www.themuse.com/jobs/uber/staff-software-engineer-4b970d,2026-07-09,Uber,Staff Software Engineer,Staff/Principal,"Sunnyvale, CA",03d63bc91d9da9a65d995fc5bb41b057b818978d02d907360d61bed0b6a6b774,0,0,0,0,1,0,0,0,0,1,0,1,1
The Muse,21731015,https://www.themuse.com/jobs/uber/staff-software-engineer-enterprise-platform,2026-07-09,Uber,Staff Software Engineer - Enterprise Platform,Staff/Principal,"Sunnyvale, CA",9285e6e36fa383ad90ecf7bf53508918cb1ba4c5b21c058b0e4d7ee964f7eec6,0,1,0,1,1,0,0,0,0,1,1,3,3
The Muse,21893865,https://www.themuse.com/jobs/uber/staff-software-engineer-av-labs-435d83,2026-07-09,Uber,Staff Software Engineer - AV Labs,Staff/Principal,"Sunnyvale, CA",821cfcafb0f65c9bec830d39109c8222bc9a8c42f6d3371a7db521fdbfa4a190,0,0,0,0,0,0,0,1,0,1,0,1,1
The Muse,21893847,https://www.themuse.com/jobs/uber/staff-android-engineer-core-services-eng,2026-07-09,Uber,"Staff Android Engineer, Core Services Eng",Staff/Principal,"San Francisco, CA; Sunnyvale, CA",0c294637f2f71865b62f396896aeafdc5485450883624b61ca878d49599dec36,0,1,0,1,1,0,0,0,0,1,1,3,3
The Muse,21238054,https://www.themuse.com/jobs/uber/sr-software-engineer-fulfillment-shopping-ordering-1283dc,2026-07-09,Uber,Sr Software Engineer - Fulfillment Shopping & Ordering,Senior,"San Francisco, CA; Sunnyvale, CA",ced08e36e84c6628b709b5ad3bc2e9f9c10869cce07da6516d91f314071a537d,1,1,0,0,1,1,0,0,0,1,1,4,3
The Muse,17572661,https://www.themuse.com/jobs/uber/principal-engineer-earner-backend,2026-07-09,Uber,"Principal Engineer, Earner, Backend",Staff/Principal,"San Francisco, CA",9a1c9a9ba58bb323fc0199b48879012ce000cd070a0f6bc6b0baa537fba83d64,0,0,0,1,1,0,0,0,0,1,1,2,2
The Muse,21455094,https://www.themuse.com/jobs/uber/senior-software-engineer-maps-localization-av-labs,2026-07-09,Uber,Senior Software Engineer - Maps & Localization - AV Labs,Senior,"Sunnyvale, CA",0588044b5e5bf9cd4b16edf5f0b95d9362a2b5391f7dd5cc50fba8a12094861c,0,0,0,0,0,0,0,0,0,0,0,0,0
The Muse,21893846,https://www.themuse.com/jobs/uber/staff-frontend-engineer-core-services-eng,2026-07-09,Uber,"Staff Frontend Engineer, Core Services Eng",Staff/Principal,"San Francisco, CA; Sunnyvale, CA",d3f771046e425b763d608fd6871d2de37b3129c6954df3bc13cd6727941d2863,0,1,0,0,0,0,0,0,0,1,0,1,1
The Muse,21932001,https://www.themuse.com/jobs/spacex/sr-software-engineer-telemetry-starlink-e3dc7d,2026-07-08,SpaceX,"Sr. Software Engineer, Telemetry (Starlink)",Senior,"El Segundo, CA; Redmond, WA",251abeeb6ed7645e3435803cb85768cc46c6b6536a344620c66b15b607e78de3,0,1,0,0,0,1,0,0,0,1,0,2,1
The Muse,21364897,https://www.themuse.com/jobs/spacex/sr-software-engineer-cdn-starlink,2026-07-08,SpaceX,"Sr. Software Engineer, CDN  (Starlink)",Senior,"Palo Alto, CA; Redmond, WA",3c0e406474630cb3de28b7a273feb2fd977b582a9e529ddeb08dd17b84f5c5a2,1,0,0,0,1,1,0,0,0,1,1,3,2
Himalayas,https://himalayas.app/companies/fuze-health/jobs/staff-software-engineer,https://himalayas.app/companies/fuze-health/jobs/staff-software-engineer,2026-07-08,Fuze Health,Staff Software Engineer,Staff/Principal,United States,cc340096bee9ebc6debaa01aed9ef0bf1a36b04b073e3ed5e86fed75b79ec264,0,1,0,0,1,0,0,0,0,1,1,2,2
The Muse,21928425,https://www.themuse.com/jobs/exadel/senior-software-engineer-java-de7a54,2026-07-08,Exadel,Senior Software Engineer (Java),Senior,"Barra do Garças, Brazil; Canada",86fa6c852c679ada57a46ede23ac9fe6aabad2e303a8753a55b04f9f453eb57f,1,1,1,0,0,0,0,0,0,1,1,3,3
The Muse,21775694,https://www.themuse.com/jobs/riotgames/senior-software-engineer-sdk-foundations-publishing-platform,2026-07-08,Riot Games,"Senior Software Engineer, SDK Foundations - Publishing Platform",Senior,"Los Angeles, CA",d860762a15d3961a74b5a20cf6d55aa34380c90794712011875bd24c77b14d5a,0,1,1,0,0,1,0,0,0,1,1,3,2
Himalayas,https://himalayas.app/companies/sezzle/jobs/senior-software-engineer-poland,https://himalayas.app/companies/sezzle/jobs/senior-software-engineer-poland,2026-07-08,Sezzle,Senior Software Engineer (Poland),Senior,Poland,b82bddce42e81aee9fab93ef1f62ddefddfb69d300c836c2d06e35cf02fe45cf,0,1,1,1,0,1,0,0,0,1,1,4,3
Himalayas,https://himalayas.app/companies/smithrx/jobs/senior-software-engineer-applications,https://himalayas.app/companies/smithrx/jobs/senior-software-engineer-applications,2026-07-08,SmithRx,"Senior Software Engineer, Applications",Senior,United States,66543fc4e4ed111d9b822cf8d7cb1f982f79ca6a7e3505eae07db119e8b3a080,1,1,1,1,0,1,0,0,1,1,1,6,5
The Muse,21928005,https://www.themuse.com/jobs/uber/staff-software-engineer-829cae,2026-07-08,Uber,Staff Software Engineer,Staff/Principal,"New York, NY; San Francisco, CA",ea89837f29c6387e66d5d3fb4539a0017a5c300ab7ac8393dd9cb4796496f248,0,1,0,0,1,0,0,0,0,1,1,2,2
The Muse,20584219,https://www.themuse.com/jobs/uber/senior-staff-software-engineer-financial-products-backend,2026-07-08,Uber,Senior Staff Software Engineer - Financial Products (Backend),Staff/Principal,"Sunnyvale, CA",cdc3cddc0c4ef33c736955836622f7d31d6cc921a5ed38e6884534393e8a51f6,0,1,0,0,1,1,0,0,0,1,1,3,2
The Muse,21660014,https://www.themuse.com/jobs/uber/senior-software-engineer-middleware-av-labs,2026-07-08,Uber,Senior Software Engineer - Middleware - AV Labs,Senior,"Sunnyvale, CA",d3c9009e0c6d4b6f8f880479d91ec982da5233c798bb0980cdf5a036ef7f3a4c,0,0,0,0,0,0,0,0,0,0,0,0,0
The Muse,21927662,https://www.themuse.com/jobs/thecocacolacompany/senior-software-engineer-a14cb1,2026-07-07,The Coca-Cola Company,Senior Software Engineer,Senior,"Atlanta, GA",a370e9079de1d48eaa5c470bc9862a8490b13153545720fe9496adbdcb0eda36,1,1,1,1,1,0,1,0,0,1,1,6,6
The Muse,21856864,https://www.themuse.com/jobs/riotgames/senior-software-engineer-riot-client-publishing-platform,2026-07-07,Riot Games,"Senior Software Engineer, Riot Client - Publishing Platform",Senior,"Los Angeles, CA",761379dc1b0d8a04fbd1320a85d6dccf2cc102f6318ca9f7ad9ce1970bf1f932,0,1,0,0,0,1,0,0,0,1,0,2,1
Himalayas,https://himalayas.app/companies/smithrx/jobs/senior-software-engineer-tools-frameworks-applications,https://himalayas.app/companies/smithrx/jobs/senior-software-engineer-tools-frameworks-applications,2026-07-07,SmithRx,"Senior Software Engineer - Tools & Frameworks, Applications",Senior,Canada; Germany; India; Ireland; Netherlands; United Kingdom; United States,8d9cdbbb0d8798584152ff00ac42916d88f373fc5060cdbcc09c405ad5705a6d,1,1,1,1,1,1,0,0,1,1,1,7,6
The Muse,21924270,https://www.themuse.com/jobs/celonis/senior-software-engineer-java-607e1c,2026-07-07,Celonis,Senior Software Engineer - Java,Senior,"Bangalore, India",74dc05384e518ca3f7add2476256fc0ba9ebcc5d8d50c61b79853d3f720a8935,0,1,0,0,0,0,0,0,0,1,0,1,1
The Muse,21601320,https://www.themuse.com/jobs/exadel/senior-software-engineer-java-quarkus,2026-07-07,Exadel,"Senior Software Engineer (Java, Quarkus)",Senior,"Barra do Garças, Brazil",c623c1e299f569db4fd3d1f4b3fe33f09f6a69d8d98f9060a234d9df35fd53c6,0,1,0,0,0,0,0,0,0,1,0,1,1
Jobicy,148917,https://jobicy.com/jobs/148917-senior-ios-engineer,2026-07-07,Ruby Labs,Senior IOS Engineer,Senior,Europe,e9c237c1635a4f12112b7197884492de583c103c18832a23522382f6b5ef0533,0,1,0,0,1,1,1,0,0,1,1,4,3
The Muse,21743290,https://www.themuse.com/jobs/uber/senior-software-engineer-av-labs-6ed22d,2026-07-07,Uber,Senior Software Engineer - AV Labs,Senior,"Sunnyvale, CA",a9a7e2da128ff735faf89767f7c6e4f073205fb75dc70ed9bc1a473a9985c8c6,0,0,0,0,0,0,0,0,0,0,0,0,0
The Muse,21280077,https://www.themuse.com/jobs/uber/staff-software-engineer-backend-core-services,2026-07-06,Uber,"Staff Software Engineer, Backend - Core Services",Staff/Principal,"Rio de Janeiro, Brazil; São Paulo, Brazil",ac9cba21304b7a22abbaf29447209ac5e815e6308a5fd6cf2e053d7b461092d3,0,0,0,1,0,1,0,0,0,1,0,2,1
The Muse,21759884,https://www.themuse.com/jobs/uber/staff-android-engineer-0f2da6,2026-07-06,Uber,Staff Android Engineer,Staff/Principal,"Bangalore, India",36124c0382a2df957ea8f28d70079b372db0e4a0cf0c2a52860bd3e33966540f,0,1,0,1,1,0,0,0,0,1,1,3,3
The Muse,21132701,https://www.themuse.com/jobs/uber/sr-staff-software-engineer-ios-safety,2026-07-06,Uber,"Sr. Staff Software Engineer, iOS - Safety",Staff/Principal,"São Paulo, Brazil",869fa78e6e995e88fe90bc868f7286fbee878fa88ff8e1024edac8572184ea70,0,0,0,0,0,0,0,0,0,0,0,0,0
The Muse,21776086,https://www.themuse.com/jobs/uber/senior-software-engineer-catalog-platform,2026-07-06,Uber,Senior Software Engineer - Catalog Platform,Senior,"Viborg, Denmark",c92e4101bafc105a15af04d8ab0473d7081e1679946a932b898b50a21799a9d9,0,0,0,0,0,0,0,0,0,0,0,0,0
The Muse,20855337,https://www.themuse.com/jobs/uber/sr-software-engineer-delivery-rio-de-janeiro,2026-07-06,Uber,Sr Software Engineer - Delivery - Rio de Janeiro,Senior,"Rio de Janeiro, Brazil",11ac31b098a25cab9715b3fa69275ff1e5376ef8d208fbe5d320d77009a09e3d,1,1,0,1,0,1,0,0,0,1,1,4,3
The Muse,21648899,https://www.themuse.com/jobs/uber/senior-software-engineer-backend-4ff532,2026-07-06,Uber,"Senior Software Engineer, Backend",Senior,"Rio de Janeiro, Brazil",c1d1797a902caa2b67206b5c196d70614614130f7d070155b12483bb4dd84ba6,0,0,0,0,0,0,0,0,0,0,0,0,0
The Muse,21166576,https://www.themuse.com/jobs/uber/sr-staff-engineer-backend-core-services-cc21e5,2026-07-06,Uber,"Sr Staff Engineer, Backend - Core Services",Staff/Principal,"Rio de Janeiro, Brazil; São Paulo, Brazil",16c33a7df5658ba4d98c20182645dfea428396902609d66a5a0355bccdb0b031,0,0,0,1,0,0,0,0,0,1,0,1,1
Jobicy,145290,https://jobicy.com/jobs/145290-senior-software-engineer-redapl-graph-engine,2026-07-05,Datadog,Senior Software Engineer - REDAPL Graph Engine,Senior,"France,  Germany,  Spain",f18060999071a1ba72df1ee13221f357995757a12856b6c41ea376dbdca03bba,0,1,0,1,0,0,0,0,0,1,1,2,2
Himalayas,https://himalayas.app/companies/iheartmedia/jobs/software-engineer,https://himalayas.app/companies/iheartmedia/jobs/software-engineer,2026-07-05,iHeartMedia,Software Engineer,Senior,United States,816e7bfad8a7f62b288c1dd8648ab52b1820d99798b94ec4c1c5430a4bf66b6e,1,1,0,0,0,1,1,0,0,1,1,4,3
Himalayas,https://himalayas.app/companies/emergent-software/jobs/software-engineer-team-lead,https://himalayas.app/companies/emergent-software/jobs/software-engineer-team-lead,2026-07-04,Emergent Software,Software Engineer Team Lead,Lead,United States,1934155f1cf00aae70aa38c0fb72dd8ba1b85c7431b0af77a73cdd177cff4e84,0,1,1,1,0,0,0,0,0,1,1,3,3
Himalayas,https://himalayas.app/companies/polyswarm/jobs/senior-software-engineer,https://himalayas.app/companies/polyswarm/jobs/senior-software-engineer,2026-07-03,PolySwarm,Senior Software Engineer,Senior,United States,5437031410c77d448c5f486d7fa2a653cdc228103177386781cf307293b7ec30,0,0,0,0,0,1,0,0,0,0,0,1,0
Himalayas,https://himalayas.app/companies/nearmap/jobs/senior-software-engineer,https://himalayas.app/companies/nearmap/jobs/senior-software-engineer,2026-07-03,Nearmap,Senior Software Engineer,Senior,United States,60ca5825b0a032a9ba4443bc16ab3b39fd0e9caa08837f5741500848d768eed1,0,1,0,0,0,0,0,0,0,1,0,1,1
Himalayas,https://himalayas.app/companies/magpie-literacy/jobs/senior-software-engineer,https://himalayas.app/companies/magpie-literacy/jobs/senior-software-engineer,2026-07-03,Magpie Literacy,Senior Software Engineer,Senior,United States,1131c6f7060c69649cf0a7fc8912949338efb6cada82c902870d8ca1eb48bfa7,0,1,1,1,1,1,1,0,0,1,1,6,5
Himalayas,https://himalayas.app/companies/tactiq/jobs/sr-software-engineer,https://himalayas.app/companies/tactiq/jobs/sr-software-engineer,2026-07-03,Tactiq,Sr. Software Engineer,Senior,United States,40c38a47372099ea49b30a4d24a8e9b0c1ddaaf798aaa8819cfb81e2d23282c1,1,1,1,0,0,1,1,0,0,1,1,5,4
Himalayas,https://himalayas.app/companies/upbound/jobs/senior-software-engineer,https://himalayas.app/companies/upbound/jobs/senior-software-engineer,2026-07-02,Upbound,Senior Software Engineer,Senior,Canada; Mexico; United States,a2ba42518646ae2600e854ef95e2afc479da10250f50a6beb528f0cab91e721b,0,1,1,0,1,0,0,0,1,1,1,4,4
The Muse,21910193,https://www.themuse.com/jobs/exadel/middlesenior-software-engineer-transparency-pricing-risk,2026-07-02,Exadel,Middle/Senior Software Engineer (Transparency Pricing & Risk),Senior,"Canada; Toronto, Canada",b49b4ac58aaef112682bcea8d26230c12a8fa0cc95120bdbdaac4091a91f5aca,0,1,0,1,1,0,0,0,0,1,1,3,3
Himalayas,https://himalayas.app/companies/technosylva/jobs/senior-software-engineer-spain-only,https://himalayas.app/companies/technosylva/jobs/senior-software-engineer-spain-only,2026-07-02,Technosylva,Senior Software Engineer (Spain Only),Senior,Spain,33af62c07c86f982f7467ecf21088fbee4b8cba16d0d5ae79284e10b8c8c6be0,0,0,0,0,0,0,0,0,0,0,0,0,0
Himalayas,https://himalayas.app/companies/alkami-technology-inc/jobs/staff-software-engineer-3990642590,https://himalayas.app/companies/alkami-technology-inc/jobs/staff-software-engineer-3990642590,2026-07-02,"Alkami Technology, Inc.",Staff Software Engineer,Staff/Principal,India,237fdf78b63617f7fa3d3bb45f6d2eedea87745add91b7f93c6a4a18f12f3a3f,1,0,1,1,0,0,0,0,0,1,1,3,3
Himalayas,https://himalayas.app/companies/technosylva/jobs/staff-software-engineer-spain-only,https://himalayas.app/companies/technosylva/jobs/staff-software-engineer-spain-only,2026-07-02,Technosylva,Staff Software Engineer (Spain Only),Staff/Principal,Spain,d8bfd702f9ff53fce8e72a150d5532d557d8038afe43b234aa5cbdf1d5c5e77e,1,1,0,0,0,0,0,0,0,1,1,2,2
Himalayas,https://himalayas.app/companies/public-library-of-science/jobs/senior-software-engineer-2319410237,https://himalayas.app/companies/public-library-of-science/jobs/senior-software-engineer-2319410237,2026-07-02,Public Library of Science,Senior Software Engineer,Senior,United Kingdom,01a191a953cb78ed0e47b9ecd68f9039ac526bacedb689eb886fc7db197cee4e,0,1,0,0,0,1,1,0,0,1,1,3,2
Himalayas,https://himalayas.app/companies/parachute-health/jobs/senior-software-engineer,https://himalayas.app/companies/parachute-health/jobs/senior-software-engineer,2026-07-02,Parachute Health,Senior Software Engineer,Senior,United States,fa46942c651aea5226febeed312833ac1dd62eb9f60065e05f2c412f51247d2f,0,0,0,0,0,0,0,0,0,0,0,0,0
Himalayas,https://himalayas.app/companies/britecore/jobs/senior-software-engineer,https://himalayas.app/companies/britecore/jobs/senior-software-engineer,2026-07-02,BriteCore,Senior Software Engineer,Senior,Argentina; Brazil,c507efd389ec8ada43b2f86dbe90e77ba3d8dd2256d799897ba1c50782c7934f,1,1,1,0,1,1,0,0,0,1,1,5,4
Himalayas,https://himalayas.app/companies/3iq/jobs/software-engineer,https://himalayas.app/companies/3iq/jobs/software-engineer,2026-07-02,3iQ,Software Engineer,Senior,Canada,50507c557792539001f09a0d0bb7e27c9ef8b66f09a9bedd779aecf79e80d453,0,0,0,1,1,0,1,0,0,1,1,3,3
Himalayas,https://himalayas.app/companies/yipitdata/jobs/senior-software-engineer,https://himalayas.app/companies/yipitdata/jobs/senior-software-engineer,2026-07-02,YipitData,Senior Software Engineer,Senior,India,055764db57944c6a5f1dac69b3488bffbf7973d3dd2805dec4d3fc0bf6040c4e,0,1,1,0,0,0,0,0,0,1,1,2,2
Himalayas,https://himalayas.app/companies/ai-mech/jobs/software-engineer,https://himalayas.app/companies/ai-mech/jobs/software-engineer,2026-07-02,AI Mech,Software Engineer,Senior,United States,75e76001a08dc5ac548db93c81ce42ca0782bc48053917057cf0c8f09ca9fdc1,0,0,0,1,1,0,0,0,0,1,1,2,2
Himalayas,https://himalayas.app/companies/britive/jobs/senior-software-engineer,https://himalayas.app/companies/britive/jobs/senior-software-engineer,2026-07-01,Britive,Senior Software Engineer,Senior,United States,088d25a837540f2f1c0c414d3cff918d6e14364f62f6b7a9d2cdb22b38d6910e,0,1,0,0,0,1,0,0,0,1,0,2,1
Himalayas,https://himalayas.app/companies/people-ai/jobs/senior-software-engineer-matching-canada,https://himalayas.app/companies/people-ai/jobs/senior-software-engineer-matching-canada,2026-07-01,People.ai,Senior Software Engineer — Matching (Canada),Senior,Canada,0a08a877cb704824acca59a68168c2368b7e27e54a37e0eb00b334deacdcadca,0,0,0,0,0,0,0,0,0,0,0,0,0
Jobicy,148224,https://jobicy.com/jobs/148224-senior-platform-engineer,2026-07-01,Zartis,Senior Platform Engineer,Senior,Europe,4ef9506a9085072729c0549ed133772e747171a23f5edf1c902a26060740e502,1,1,0,1,0,0,0,0,0,1,1,3,3
The Muse,21711950,https://www.themuse.com/jobs/exadel/senior-software-engineer-calypso,2026-06-29,Exadel,Senior Software Engineer (Calypso),Senior,"Barra do Garças, Brazil; San Javier, Chile; Soacha, Colombia",87eb5b1879c6b4a65124685efb15e0116cf135489893061d264951e7a8d71552,0,1,0,0,0,0,0,0,0,1,0,1,1
The Muse,21789694,https://www.themuse.com/jobs/exadel/senior-fullstack-software-engineer-net-cd36b6,2026-06-29,Exadel,Senior Full-Stack Software Engineer (.NET),Senior,"Barra do Garças, Brazil",85dcd8e116e018b5af823e76eff57dd8f29d335639caf3e79975d59be54d6f76,0,1,0,0,0,1,0,0,0,1,0,2,1
The Muse,21862550,https://www.themuse.com/jobs/exadel/middlesenior-software-engineer-github-governance,2026-06-29,Exadel,Middle/Senior Software Engineer GitHub Governance,Senior,"São Paulo, Brazil",8ed9f6a070d71323408d54b09862d6b5851fa59f4f6491ae35fb3142ab8bb4de,0,1,0,0,1,0,0,0,0,1,1,2,2
Jobicy,148065,https://jobicy.com/jobs/148065-senior-backend-engineer,2026-06-29,Remote,Senior Backend Engineer,Senior,Europe,2b90bea42be8b4917ede30338e1b37f6ee4adc4767c45cf851237e082ccfc03c,0,0,0,0,1,1,1,0,0,1,1,3,2
Jobicy,144909,https://jobicy.com/jobs/144909-senior-android-engineer-2,2026-06-28,MLabs,Senior Android Engineer,Senior,"Germany,  Netherlands,  Poland,  Portugal",0fe98ab92780765f022a903faa7818f0b3d236b39a9f20016e16b65866540bbf,0,1,0,0,0,0,0,0,0,1,0,1,1
The Muse,21719336,https://www.themuse.com/jobs/warnerbrosdiscovery/senior-software-developer-tvos-0ce32c,2026-06-27,Warner Bros. Discovery,"Senior Software Developer, tvOS",Senior,"Kanata, Canada",b5a950f5cf4762394a320b13ad50deb39f5e967a13260a041a6e21d90f5eff8c,1,1,0,1,0,0,0,0,0,1,1,3,3
Jobicy,142111,https://jobicy.com/jobs/142111-senior-software-engineer-jax,2026-06-27,NVIDIA,"Senior Software Engineer, JAX",Senior,Europe,9c9f8970103a347b6f41b9133c6c4bf82b470d6b4049b166e9226ea7e887644b,1,0,0,0,0,0,0,0,0,1,0,1,1
Himalayas,https://himalayas.app/companies/autoscale-ventures/jobs/senior-software-engineer-canada-4477106811,https://himalayas.app/companies/autoscale-ventures/jobs/senior-software-engineer-canada-4477106811,2026-06-26,AutoScale Ventures,"Senior Software Engineer, Canada",Senior,Canada,96e163655686e89ee9b42b343c218940092a3a4b1b4de72dd2495182e161e25b,0,1,0,1,1,1,0,0,0,1,1,4,3
The Muse,21418137,https://www.themuse.com/jobs/spacex/sr-software-engineer-starlink-network-91ad4f,2026-06-26,SpaceX,"Sr. Software Engineer, Starlink Network",Senior,"Redmond, WA",b2bac238eb2471afeede99d42d6ad5b18a3a8fdac8342fe8bd11665afa3edd0d,0,0,0,0,1,1,0,0,0,1,0,2,1
The Muse,21502097,https://www.themuse.com/jobs/spacex/sr-software-engineer-simulations-application-software-f5df6c,2026-06-26,SpaceX,"Sr. Software Engineer, Simulations (Application Software)",Senior,"El Segundo, CA",82a3eab94b9cf3b9158a7cbe042d86a3666d41effe82cef81b9458b54642f67e,1,0,0,0,0,0,0,0,0,1,0,1,1
The Muse,21759407,https://www.themuse.com/jobs/spacex/sr-software-engineer-security-starship-bc6e8c,2026-06-26,SpaceX,"Sr. Software Engineer, Security (Starship)",Senior,"El Segundo, CA",fa2bfba0f79f064fa8d2034d92bc415052fb2a6c97edd42b35f51d3bb46bff61,1,1,0,0,0,0,0,0,0,1,1,2,2
The Muse,21821017,https://www.themuse.com/jobs/spacex/sr-software-engineer-propulsion-simulation-data-analysis-raptor-419af1,2026-06-26,SpaceX,"Sr. Software Engineer, Propulsion Simulation & Data Analysis (Raptor)",Senior,"El Segundo, CA",6d178ed7a4147db8a2e20c83a21085f762b15b9cfa4fc7c037380f504cff7a2f,1,1,0,0,0,0,0,0,0,1,1,2,2
The Muse,21706160,https://www.themuse.com/jobs/spacex/sr-software-engineer-hardware-test-automation-starshield-329621,2026-06-26,SpaceX,"Sr. Software Engineer, Hardware Test & Automation (Starshield)",Senior,"El Segundo, CA",43b95cf078375a0621d410eb2a166e342408b57a1cde4e55a63023519ac26b90,0,0,0,0,0,0,1,0,0,1,0,1,1
The Muse,21212426,https://www.themuse.com/jobs/spacex/sr-software-engineer-hitl-top-secret-clearance-64d648,2026-06-26,SpaceX,"Sr. Software Engineer, HITL - Top Secret Clearance",Senior,"El Segundo, CA",db14ef379eb12621b1ee39a65defe656f9c2b55b4b24c96cebfd726a4e325d7c,0,0,0,0,0,0,0,0,0,0,0,0,0
The Muse,21759400,https://www.themuse.com/jobs/spacex/sr-software-engineer-flight-software-starship-0883b9,2026-06-26,SpaceX,"Sr. Software Engineer, Flight Software (Starship)",Senior,"El Segundo, CA",afa633908a692ecd360a1f85c59b99aa40a5d81be8ea7ab458a5c3561ab6fbbc,1,0,0,0,0,0,0,0,0,1,0,1,1
The Muse,21759405,https://www.themuse.com/jobs/spacex/sr-software-engineer-flight-software-starship-b50504,2026-06-26,SpaceX,"Sr. Software Engineer, Flight Software (Starship)",Senior,"Brownsville, TX",7d44834914bc1639bcb32055f5fb03586c32b866475f612563f1fcfb6ddecf06,1,0,0,0,1,0,0,0,0,1,1,2,2
The Muse,21448982,https://www.themuse.com/jobs/spacex/sr-software-engineer-design-software-starship,2026-06-26,SpaceX,"Sr. Software Engineer, Design Software (Starship)",Senior,"El Segundo, CA",42e7e79f1e48a6f486eeff2358065f9e788ec7bc5bb704c629f3f80982ed3a53,0,0,0,0,0,1,0,0,0,0,0,1,0
The Muse,21654085,https://www.themuse.com/jobs/spacex/sr-software-engineer-continuous-integration-starship-9ec194,2026-06-26,SpaceX,"Sr. Software Engineer, Continuous Integration (Starship)",Senior,"El Segundo, CA",0e90381864b9d8aa551b475ef60c0c9faf871a437b3fc66678dc4e60142e1290,1,1,0,0,1,0,0,0,0,1,1,3,3
The Muse,21788694,https://www.themuse.com/jobs/spacex/sr-software-engineer-components-test-starshield,2026-06-26,SpaceX,"Sr. Software Engineer, Components Test (Starshield)",Senior,"El Segundo, CA",6ce844255a9ea74d75160ab5e33eaa7394597f82e16a8f9c5ac1cf8a84620b9a,0,1,0,0,0,0,0,0,0,1,0,1,1
The Muse,21875313,https://www.themuse.com/jobs/spacex/sr-software-engineer-c-simulations,2026-06-26,SpaceX,"Sr. Software Engineer, C++ (Simulations)",Senior,"El Segundo, CA",c1a65cc647556c60f0fb64b7c72035c9c21684c22bc588a85011f29f3247e36a,1,0,0,0,0,0,0,0,0,1,0,1,1
The Muse,21873073,https://www.themuse.com/jobs/spacex/sr-software-engineer-c-dragon-81a8ec,2026-06-26,SpaceX,"Sr. Software Engineer, C++ (Dragon)",Senior,"El Segundo, CA",4333d4bdc66bb58bf4d243df0327959bd39099fdcbe4288a49db477d11579491,0,0,0,0,0,0,0,0,0,0,0,0,0
The Muse,21725219,https://www.themuse.com/jobs/spacex/sr-software-engineer-vehicle-engineering-06466c,2026-06-26,SpaceX,Sr. Software Engineer (Vehicle Engineering),Senior,"El Segundo, CA",95f66c4ddbdd4c65a0d61266569806845d148787ad5f1bbb846ee1de3c6b11da,0,1,0,0,1,1,0,0,0,1,1,3,2
The Muse,21200144,https://www.themuse.com/jobs/spacex/sr-software-engineer-starshield-db8ef3,2026-06-26,SpaceX,Sr. Software Engineer (Starshield),Senior,"El Segundo, CA",93b448543113490af103bbe89df7f51524cb04190728b333ffc23ebae32e59c4,1,0,0,0,0,0,0,0,0,1,0,1,1
The Muse,21133261,https://www.themuse.com/jobs/spacex/sr-software-engineer-starlink-bbabe8,2026-06-26,SpaceX,Sr. Software Engineer (Starlink) ,Senior,"Lockhart, TX",7a1b87faaa3d65a57b16f944a77a801a34f1484de4f119fcd6e05a865a027799,0,1,0,0,0,1,0,0,0,1,0,2,1
The Muse,21831066,https://www.themuse.com/jobs/spacex/sr-software-engineer-special-projects-top-secret-clearance-6f06c8,2026-06-26,SpaceX,Sr. Software Engineer (Special Projects) - Top Secret Clearance,Senior,"El Segundo, CA",0eb50c82d1d2583661b8eba882b6112e6f8d7fe6330fd043d2996d2d764ab103,0,1,0,0,0,0,0,0,0,1,0,1,1
The Muse,21742943,https://www.themuse.com/jobs/spacex/sr-software-engineer-platform-team-0ab9a9,2026-06-26,SpaceX,Sr. Software Engineer (Platform Team),Senior,"Brownsville, TX; El Segundo, CA; Lockhart, TX; Palo Alto, CA; Redmond, WA; Sunnyvale, CA",2315c8e1754cfd8ce822c4a40f193dbcc4d9839c62b78540842841705a04d18b,0,1,0,1,0,1,0,0,0,1,1,3,2
The Muse,21643631,https://www.themuse.com/jobs/spacex/sr-software-engineer-flight-reliability-97886a,2026-06-26,SpaceX,Sr. Software Engineer (Flight Reliability),Senior,"El Segundo, CA",ae238e4cc45611db29147bb785a764be4b26a3a6b7cb90eeda1d72fd6adad804,0,0,0,0,0,1,0,0,0,0,0,1,0
The Muse,21862519,https://www.themuse.com/jobs/spacex/sr-ran-software-engineer-starlink-mobile-c4e837,2026-06-26,SpaceX,Sr. RAN Software Engineer (Starlink Mobile),Senior,"Sunnyvale, CA",18f4c2e7b3d4644eb036bc1ebe3540ebfd708b6e30c29026bc17a8d08ab83916,0,1,0,0,0,0,0,0,0,1,0,1,1
The Muse,21852945,https://www.themuse.com/jobs/spacex/sr-application-software-engineer-45e944,2026-06-26,SpaceX,Sr. Application Software Engineer,Senior,"El Segundo, CA",1d261a39928c64e097e4097b3c7ab9868de3bdb5b0abbd9209cb33fd40b584c3,0,1,0,0,0,1,0,0,0,1,0,2,1
The Muse,21769812,https://www.themuse.com/jobs/spacex/principal-wifi-software-engineer-starlink-0b5057,2026-06-26,SpaceX,Principal Wi-Fi Software Engineer (Starlink),Staff/Principal,"Palo Alto, CA",084789b47835e4f521ee811e296c7524e385791e0480f51cf1c6e2b6992d8dd5,0,1,0,0,0,0,0,0,0,1,0,1,1
The Muse,21654086,https://www.themuse.com/jobs/spacex/principal-software-engineer-continuous-integration-starship,2026-06-26,SpaceX,"Principal Software Engineer, Continuous Integration (Starship)",Staff/Principal,"El Segundo, CA",9775da2d9f338bb2e77b942bb60481196e473bfb29a8598f63a6dd33156e9278,1,1,0,0,1,0,0,0,0,1,1,3,3
The Muse,21742934,https://www.themuse.com/jobs/spacex/principal-software-engineer-platform-team-f081f6,2026-06-26,SpaceX,Principal Software Engineer (Platform Team),Staff/Principal,"Brownsville, TX; El Segundo, CA; Lockhart, TX; Palo Alto, CA; Redmond, WA; Sunnyvale, CA",c692ab1a0b43387a016dd28917852bd9cd03b912a5ec51651f84ed3a87452ecd,0,1,0,1,1,1,0,0,0,1,1,4,3
The Muse,21471343,https://www.themuse.com/jobs/spacex/lead-software-engineer-flight-systems-top-secret-clearance,2026-06-26,SpaceX,"Lead Software Engineer, Flight Systems - Top Secret Clearance",Lead,"El Segundo, CA",b456955b0ae7206ab5011d979432a94bcb2f3ba185ef32f030244dcd894e3b4c,0,1,0,0,1,1,0,0,0,1,1,3,2
The Muse,21730678,https://www.themuse.com/jobs/spacex/lead-software-engineer-full-stack-build-reliability-e93fa3,2026-06-26,SpaceX,Lead Software Engineer (Full Stack) - Build Reliability,Lead,"El Segundo, CA",032e30e98c61ea5aaeae384b1a82404910f81fdbade855fcfd843c5c96ee88eb,0,1,0,1,0,0,0,0,0,1,1,2,2
The Muse,21800506,https://www.themuse.com/jobs/riotgames/staff-software-engineer-developer-experience-workflows-valorant,2026-06-26,Riot Games,"Staff Software Engineer, Developer Experience & Workflows - VALORANT",Staff/Principal,"Bellevue, WA",e29cd2e0a708a63841b01eaeb8b61e201b5eccf9cd9bb1cd79de3c02455a7c3f,0,0,1,1,0,0,0,0,0,1,1,2,2
Himalayas,https://himalayas.app/companies/upwave/jobs/senior-software-engineer,https://himalayas.app/companies/upwave/jobs/senior-software-engineer,2026-06-25,Upwave,Senior Software Engineer,Senior,United States,46293470e721e916dd1c0596f5938ebfa4c2a68cb556fa0ff594d5ad0e79e26a,1,1,0,1,0,1,0,0,0,1,1,4,3
The Muse,21884767,https://www.themuse.com/jobs/exadel/senior-software-engineer-java-murex,2026-06-25,Exadel,"Senior Software Engineer (Java, Murex)",Senior,"Barra do Garças, Brazil",e46b1dad80896da689bceb23684a3f4b57e7d4bc2e40cbd95c442a476ba163b1,0,1,0,0,0,1,0,0,0,1,0,2,1
The Muse,21731105,https://www.themuse.com/jobs/riotgames/senior-software-engineer-gameplay-league-of-legends,2026-06-25,Riot Games,"Senior Software Engineer, Gameplay - League of Legends",Senior,"Sydney, Australia",13d91bfe38f2310be4bc4e1e7c46ff3431097bb406d24f4ac6110d3e4c662e86,0,1,0,0,0,1,0,0,0,1,0,2,1
The Muse,19967135,https://www.themuse.com/jobs/riotgames/senior-software-engineer-hextech-gameplay,2026-06-25,Riot Games,"Senior Software Engineer - Hextech, Gameplay",Senior,"Sydney, Australia",4a556a581a069036f629e6cca7249232617c3fd8845de423fc884c7ce41174ef,1,1,1,1,0,1,0,0,0,1,1,5,4
Jobicy,142467,https://jobicy.com/jobs/142467-staff-software-engineer-product-engineering-eu,2026-06-25,Ashby,"Staff Software Engineer, Product Engineering, EU",Staff/Principal,Europe,a842b0776831d87e31eb8fdca63cf3153ed8e3bc1da909862d67e765a027f9fd,0,0,0,0,1,1,1,0,0,1,1,3,2
Jobicy,142478,https://jobicy.com/jobs/142478-senior-cloud-software-engineer,2026-06-25,Twilio,Senior Cloud Software Engineer,Senior,Spain,e941dec908916285b6ac64014f81ff92b9786b779ee7ec3d3ce749d8479a619f,1,1,0,0,1,1,0,0,0,1,1,4,3
Jobicy,147758,https://jobicy.com/jobs/147758-senior-software-engineer-java,2026-06-25,Zartis,Senior Software Engineer (Java),Senior,Europe,14ddef33dd966de8cef1d32761db1e5233e29eb8717b291a567633111d940c3a,1,1,0,1,0,1,0,0,0,1,1,4,3
Jobicy,143143,https://jobicy.com/jobs/143143-senior-full-stack-developer,2026-06-25,Automat-it,Senior Full-Stack Developer,Senior,Ukraine,7fbc889d6b47c33c9ac6480fc943f80569b4241c66d2fe4137ee87572c85819b,1,0,0,0,0,0,1,0,0,1,1,2,2
Himalayas,https://himalayas.app/companies/nova-credit/jobs/staff-software-engineer,https://himalayas.app/companies/nova-credit/jobs/staff-software-engineer,2026-06-25,Nova Credit,Staff Software Engineer,Staff/Principal,United States,76995aebb461e6fa9a8824cbcbfcc3b093b10ec12ee5bdab2a59282cfb852cef,0,0,0,0,0,1,0,0,0,0,0,1,0
The Muse,21370732,https://www.themuse.com/jobs/glossgenius/staff-software-engineer-frontend-237b40,2026-06-24,GlossGenius,"Staff Software Engineer, Frontend",Staff/Principal,"New York, NY",169eb717a811e16b1de111f95f24f3bc66dd7d13f38f432060cb0605e8a13879,0,1,1,0,1,1,0,0,0,1,1,4,3
The Muse,21820572,https://www.themuse.com/jobs/glossgenius/staff-software-engineer-backend-7d1ec3,2026-06-24,GlossGenius,"Staff Software Engineer, Backend",Staff/Principal,"Flexible / Remote; New York, NY",14719d949d55cd2116245a2a736432c89f270db86bf3cb36920b222e419da088,0,1,0,0,1,0,0,0,0,1,1,2,2
The Muse,21875223,https://www.themuse.com/jobs/riotgames/staff-software-engineer-unreal-ecosystem-australiabased-relocation-provided,2026-06-24,Riot Games,"Staff Software Engineer, Unreal Ecosystem (Australia-Based; Relocation Provided)",Staff/Principal,"Sydney, Australia",02cfde480b9722c77c748db03546de3b2c40ae7491f25731236bea2c3530abf4,1,1,0,1,1,1,0,0,0,1,1,5,4
The Muse,21388314,https://www.themuse.com/jobs/riotgames/staff-software-engineer-game-tech-group-unreal-ecosystem,2026-06-24,Riot Games,"Staff Software Engineer - Game Tech Group, Unreal Ecosystem",Staff/Principal,"Los Angeles, CA",798776df0f24ae6523f424868b23d59d1d402b618fecdda8a83c65bbe9bc639e,0,1,1,0,0,0,0,0,0,1,1,2,2
Jobicy,147648,https://jobicy.com/jobs/147648-senior-fullstack-engineer-java-react,2026-06-24,Zartis,Senior Fullstack Engineer (Java / React),Senior,Europe,7ba6dcc9675fc62e8660f4500f0310afe9cd7d8724a1000bc02bc1f518e124a9,1,1,0,1,0,1,1,0,0,1,1,5,4
Jobicy,144518,https://jobicy.com/jobs/144518-principal-software-engineer-postgres,2026-06-23,Clickhouse,Principal Software Engineer - Postgres,Staff/Principal,Netherlands,923558d1b124d1d7aa5c9874c12ddf364119590880032b2d38f6275cfcf1e093,0,1,0,1,1,0,0,0,0,1,1,3,3
Himalayas,https://himalayas.app/companies/crate-app/jobs/software-engineer-6,https://himalayas.app/companies/crate-app/jobs/software-engineer-6,2026-06-22,Crate App,Software engineer 6,Senior,United States,0c50c5a94b244eb82a9190819ed6ad9f87e98570b07955e1d76da0bb3b622435,0,1,1,0,0,1,1,0,0,1,1,4,3
Jobicy,147408,https://jobicy.com/jobs/147408-senior-backend-software-engineer-observability,2026-06-22,Nebius,Senior Backend Software Engineer (Observability),Senior,"Czechia,  Europe,  Germany,  Netherlands,  UK",fb4a5147d752b7fa356bdc7f54cef870fd11f0310d531f2ddc1ae3a27692d488,1,1,0,0,1,0,0,0,0,1,1,3,3
Himalayas,https://himalayas.app/companies/zego/jobs/senior-software-engineer,https://himalayas.app/companies/zego/jobs/senior-software-engineer,2026-06-20,Zego,Senior Software Engineer,Senior,Portugal,4f3df880132abe934c5068b1529ef86bab0c6f8c92c16d8dbdb55435aa116d4e,1,1,0,0,1,1,1,0,0,1,1,5,4
The Muse,21838357,https://www.themuse.com/jobs/jpmorganchase/salesforce-software-engineer-senior-associate,2026-06-19,JPMorgan Chase,Salesforce Software Engineer - Senior Associate,Senior,"London, United Kingdom",5e6ed611659729219f94d9042321d80ba20a8a1835def20bbf3123567fcf6b82,0,0,0,0,0,1,1,0,0,1,0,2,1
Jobicy,143906,https://jobicy.com/jobs/143906-senior-software-engineer-13,2026-06-18,Bentley Systems,Senior Software Engineer,Senior,Lithuania,dc1e217881a2476ce48eeb0ba1ffe5f013a03821f17fd3d0608b22d6f5f35ac1,0,1,1,1,0,1,0,0,0,1,1,4,3
Jobicy,144098,https://jobicy.com/jobs/144098-senior-software-engineer-full-remote-france-or-hybrid-2,2026-06-18,Voyage Privé,Senior Software Engineer - Full Remote (France) or Hybrid,Senior,France,9c588949e4c8389331e97a8f08dcdb5501fe3cc766f35d313a3016b5caffffb1,0,1,1,0,1,1,1,0,0,1,1,5,4
Jobicy,147066,https://jobicy.com/jobs/147066-staff-android-engineer,2026-06-17,AlphaSense,Staff Android Engineer,Staff/Principal,"Europe,  UK",3c9af382ccdbd60bda420b4524898e1ef73ce0c2add0b0e89083780383c336d9,0,1,0,0,0,0,0,0,0,1,0,1,1
Jobicy,146976,https://jobicy.com/jobs/146976-principal-software-engineer-data-lakes,2026-06-17,Fivetran,Principal Software Engineer - Data Lakes,Staff/Principal,"EMEA,  Germany",f72c306f52696ede8051077d7734a4b149dc9de5617abde9a58e1c2f5e561b77,0,1,0,0,0,0,1,0,0,1,1,2,2
The Muse,21831022,https://www.themuse.com/jobs/riotgames/staff-software-engineer-metagame-unpublished-rd-product,2026-06-15,Riot Games,"Staff Software Engineer, Metagame- Unpublished R&D Product",Staff/Principal,"Los Angeles, CA",fcd775481799388e690b52057b2e98e899c321eb46ac25c4d8e5143eaf6d244d,0,1,0,1,0,0,0,0,0,1,1,2,2
Himalayas,https://himalayas.app/companies/alkami-technology-inc/jobs/software-engineer,https://himalayas.app/companies/alkami-technology-inc/jobs/software-engineer,2026-06-14,"Alkami Technology, Inc.",Software Engineer,Senior,United States,334958ca65db3978417fc59c680552b14babe05220584c473a5247514f9f37ad,1,1,0,0,0,0,0,0,0,1,1,2,2
Himalayas,https://himalayas.app/companies/marble-technology-inc/jobs/software-engineer-lead-5684401543,https://himalayas.app/companies/marble-technology-inc/jobs/software-engineer-lead-5684401543,2026-06-13,Marble Technology Inc.,"Software Engineer, Lead",Lead,United States,fcc170bbe6a86d236d25f00f3508113ff43ea9108f11aa77dd26cf3ae35c46eb,0,1,1,0,1,0,0,0,0,1,1,3,3
Himalayas,https://himalayas.app/companies/forgotten-empires/jobs/senior-software-engineer-talent-pipeline-3636470216,https://himalayas.app/companies/forgotten-empires/jobs/senior-software-engineer-talent-pipeline-3636470216,2026-06-12,Forgotten Empires,Senior Software Engineer - Talent Pipeline,Senior,Greece,45132d48aea005c634da885cf9accaf67cc2bd544ec7da6ab0a6cd6552e62f23,0,1,0,0,0,0,0,0,0,1,0,1,1
Himalayas,https://himalayas.app/companies/jobget/jobs/principal-software-engineer-1353286093,https://himalayas.app/companies/jobget/jobs/principal-software-engineer-1353286093,2026-06-11,JobGet,Principal Software Engineer,Staff/Principal,Canada,805e5b63bd930e8f6de662c4a0fd253268c69e3d4f8c705dab0888eeae835a28,0,1,0,0,1,1,1,0,0,1,1,4,3
Himalayas,https://himalayas.app/companies/hatch-it/jobs/senior-software-engineer,https://himalayas.app/companies/hatch-it/jobs/senior-software-engineer,2026-06-08,Hatch IT,Senior Software Engineer,Senior,United States,07f560a4c6974cfb164bf28306abd0a102e77810f27c982193de98304872c6bc,1,1,0,1,1,1,0,0,0,1,1,5,4
Himalayas,https://himalayas.app/companies/booz-allen-hamilton/jobs/senior-software-engineer,https://himalayas.app/companies/booz-allen-hamilton/jobs/senior-software-engineer,2026-06-08,Booz Allen Hamilton,Senior Software Engineer,Senior,United States,fa3c780822b1a191555f483fa788b7a416f34d12d1e3cdeeac2246cb86753e59,0,0,0,0,0,0,0,0,0,0,0,0,0
Himalayas,https://himalayas.app/companies/marble-technology-inc/jobs/senior-software-engineer-986261734,https://himalayas.app/companies/marble-technology-inc/jobs/senior-software-engineer-986261734,2026-06-08,Marble Technology Inc.,Senior Software Engineer,Senior,Canada,4abf61e9b713ff0b9955dc9cf70290d968ba8914051bfa4f9544e91f879ee324,0,0,0,1,0,0,0,0,0,1,0,1,1
Himalayas,https://himalayas.app/companies/15five/jobs/senior-software-engineer,https://himalayas.app/companies/15five/jobs/senior-software-engineer,2026-06-07,15Five,Senior Software Engineer,Senior,United States,e59ed52b3168719df2f442a31574ed04050298c10804f6354e4c930564280067,0,1,0,0,1,1,0,0,0,1,1,3,2
Himalayas,https://himalayas.app/companies/lumin-digital/jobs/software-engineer-sdk,https://himalayas.app/companies/lumin-digital/jobs/software-engineer-sdk,2026-06-07,Lumin Digital,Software Engineer (SDK),Senior,United States,deee59c079eb222be84bdcb3adb24884c7531a91805f749f8ec243b4a075bbf5,0,1,0,0,0,1,1,0,0,1,1,3,2
Himalayas,https://himalayas.app/companies/magnet-forensics/jobs/senior-software-engineer,https://himalayas.app/companies/magnet-forensics/jobs/senior-software-engineer,2026-06-06,Magnet Forensics,Senior Software Engineer,Senior,Canada,d56dde1a369dc3db7ba46126f95449eb9dfe91f338ab3b7b9e7bcc527c113bca,0,0,0,0,0,0,0,0,0,0,0,0,0
Himalayas,https://himalayas.app/companies/reveleer/jobs/sr-software-engineer,https://himalayas.app/companies/reveleer/jobs/sr-software-engineer,2026-06-05,Reveleer,Sr. Software Engineer,Senior,United States,80e0ac2767d2305e237aeb7f815f3db63dfd3fae31cfa1a2b3749d46f5731407,0,1,1,1,1,1,0,0,0,1,1,5,4
The Muse,21816118,https://www.themuse.com/jobs/riotgames/staff-software-engineer-infrastructure-900428,2026-06-04,Riot Games,Staff Software Engineer - Infrastructure,Staff/Principal,"Los Angeles, CA",1959ec5cec83c9e1b1240f128c13c4deee5a520655acee4bd73946e32ecc2e56,0,1,0,1,0,0,0,0,0,1,1,2,2
Himalayas,https://himalayas.app/companies/canary-technologies/jobs/senior-software-engineer-826246427,https://himalayas.app/companies/canary-technologies/jobs/senior-software-engineer-826246427,2026-06-03,Canary Technologies,Senior Software Engineer,Senior,United States,b0a46d90c25577e60d91eefcaa2829d0e5a6625d70fc6ba4c04d9ccf20a9638c,1,1,0,1,1,1,0,0,0,1,1,5,4
The Muse,19694506,https://www.themuse.com/jobs/riotgames/staff-software-engineer-rendering-unpublished-rd-product,2026-06-01,Riot Games,"Staff Software Engineer, Rendering 渲染工程师 - Unpublished R&D Product",Staff/Principal,"Shanghai, China",c0c1e5ef68f950f94695e6cbd1c1b2e2ac25fd0b67769a59f783c58ed986981d,0,1,0,0,0,0,0,0,0,1,0,1,1
Himalayas,https://himalayas.app/companies/sezzle/jobs/senior-software-engineer-argentina,https://himalayas.app/companies/sezzle/jobs/senior-software-engineer-argentina,2026-05-30,Sezzle,Senior Software Engineer (Argentina),Senior,Argentina,6bd135fdb0ae5942d93f79b6ef9549464d0e0cb4c17094477b79c0e564bc1c51,0,1,1,1,0,1,0,0,0,1,1,4,3
Himalayas,https://himalayas.app/companies/edgetier/jobs/senior-software-engineer,https://himalayas.app/companies/edgetier/jobs/senior-software-engineer,2026-05-29,EdgeTier,Senior Software Engineer,Senior,Ireland; Spain,c2be536ffe6b9abf460d8526078fda85e9ae6b8894e0f082c5bb1cb15d779cb1,1,0,0,0,0,0,0,0,0,1,0,1,1
Himalayas,https://himalayas.app/companies/endurosat/jobs/senior-software-engineer,https://himalayas.app/companies/endurosat/jobs/senior-software-engineer,2026-05-27,EnduroSat,Senior Software Engineer,Senior,Bulgaria,1d99e2bd8f802a3062252fec5d1fb21b58f7c2e0f393c0544a12746921aada57,0,0,0,0,0,0,0,0,0,0,0,0,0
Himalayas,https://himalayas.app/companies/alkami-technology-inc/jobs/sr-software-engineer-india,https://himalayas.app/companies/alkami-technology-inc/jobs/sr-software-engineer-india,2026-05-26,"Alkami Technology, Inc.",Sr Software Engineer India,Senior,India,d4900185e97681f57f7a033d96a98f5a159a3940a65ab05d24f773c5ba3ca978,1,0,1,1,0,0,0,0,0,1,1,3,3
Himalayas,https://himalayas.app/companies/hbk-hottinger-bruel-kjaer/jobs/senior-software-engineer,https://himalayas.app/companies/hbk-hottinger-bruel-kjaer/jobs/senior-software-engineer,2026-05-22,HBK - Hottinger Brüel & Kjær,Senior Software Engineer,Senior,India,8b9259584bdd63b74ad14f54bbce0704f2dd7758443b2a9a23008896e76ade65,0,0,0,0,0,0,0,0,0,0,0,0,0
The Muse,21205492,https://www.themuse.com/jobs/capitalone/principal-associate-software-engineering-fullstack-international-cardtech,2026-05-21,Capital One,Principal Associate - Software Engineering - Fullstack - International Cardtech,Staff/Principal,"Bangalore, India",4ac559f0a78bee160c81ae96fd7fbabc00e0463a04c96d45b4ceecb2b05ef722,0,1,1,1,0,0,0,0,0,1,1,3,3
Himalayas,https://himalayas.app/companies/work-mercor/jobs/principal-software-engineer-6135562381,https://himalayas.app/companies/work-mercor/jobs/principal-software-engineer-6135562381,2026-05-18,Mercor,Principal Software Engineer,Staff/Principal,Germany,d8e86b442b0bde8628c9b042d1f07d58e17edc611c7040131545fba53153248b,0,0,0,0,0,0,0,0,0,0,0,0,0
The Muse,21716634,https://www.themuse.com/jobs/gevernova/senior-java-software-engineer-238f70,2026-05-15,GE Vernova,Senior Java Software Engineer,Senior,"Bucharest, Romania",4585b7227529547f27749a40c6d6d31545b9798ffa16e844d805cffcb0506174,0,0,0,0,0,0,0,0,0,0,0,0,0
The Muse,21706648,https://www.themuse.com/jobs/riotgames/senior-software-engineer-tech-foundations,2026-05-14,Riot Games,Senior Software Engineer -  Tech Foundations,Senior,"Shanghai, China",0599397bf8f739b5f6f3528b84f00d9c53d27710f2a5c7b0e2177636f9db4da9,1,1,0,0,1,1,0,0,0,1,1,4,3
The Muse,21714696,https://www.themuse.com/jobs/capitalone/lead-software-engineer-full-stack-pythonaws-586fdf,2026-05-14,Capital One,"Lead Software Engineer, Full Stack (Python/AWS)",Lead,"New York, NY",894822cd19f625d4935fb3532944caa1eaf52c9f665933d08be8311d12ed8daf,0,1,0,1,0,0,0,0,0,1,1,2,2
The Muse,21478466,https://www.themuse.com/jobs/riotgames/staff-software-engineer-data-foundations,2026-05-07,Riot Games,Staff  Software Engineer - Data Foundations,Staff/Principal,"Los Angeles, CA",cd1f2662820ac66ddb39235bbe2691710c7965527750e671115f9c1a85d2e340,0,1,0,0,0,1,0,0,0,1,0,2,1
The Muse,21671302,https://www.themuse.com/jobs/riotgames/principal-software-engineer-ai-enablement-central-product,2026-05-07,Riot Games,"Principal Software Engineer, AI Enablement - Central Product",Staff/Principal,"Los Angeles, CA",80d63fa84133b2e9c5a3daa7fcecf4478e4388cfd423aff34b691049a394d3c2,0,0,0,0,1,0,0,0,0,1,0,1,1
The Muse,20262232,https://www.themuse.com/jobs/riotgames/senior-software-engineer-valorant-release-engineering-89d6d6,2026-05-01,Riot Games,"Senior Software Engineer, VALORANT - Release Engineering",Senior,"Sydney, Australia",cfdcb8e5c0fa2b1a2b679bcc10c6e8d45e1886d550103f1f9b5685ba4de89fa7,1,1,0,1,0,0,0,0,0,1,1,3,3
The Muse,21633680,https://www.themuse.com/jobs/celonis/senior-software-engineer-provisioning-and-licensing,2026-04-29,Celonis,Senior Software Engineer - Provisioning and Licensing,Senior,"Munich, Germany",d49e2245743ca2bd191c3719347fdada5b3881dcf10ce3e7fdb4d0d79b8c7ace,1,1,0,0,1,0,0,0,0,1,1,3,3
The Muse,21601148,https://www.themuse.com/jobs/sothebys/senior-software-engineer,2026-04-29,Sotheby's,Senior Software Engineer ,Senior,Flexible / Remote,3e0640a835cbd322a5df6d71fbc2c221f77770abbeb0443179004662d23d8915,1,0,0,0,0,0,1,0,0,1,1,2,2
The Muse,20726515,https://www.themuse.com/jobs/bankofamerica/principal-net-software-engineering-handson,2026-04-27,Bank of America,Principal .NET Software Engineering (Hands-On),Staff/Principal,"Chandler, AZ; Charlotte, NC; Kennesaw, GA; Plano, TX",400a5d44abcfb7918f47757c65b33236d048693e618893a450e9ac17fb1567e6,0,1,1,1,1,1,1,0,0,1,1,6,5
The Muse,10983968,https://www.themuse.com/jobs/riotgames/staff-software-engineer-services-unpublished-rd-product-0da937,2026-04-27,Riot Games,"Staff Software Engineer, Services - Unpublished R&D Product",Staff/Principal,"Shanghai, China",85850a7f1457bdbc9da9e878236c9db3f8e72c0a08caf2ae68fe07ad6b705e12,0,1,0,0,0,0,0,0,0,1,0,1,1
